foundico_id,symbol_std,platform,website,whitepaper,github,twitter,facebook,reddit,mvp,token_price_unit,purchase_unit,caps_unit,markets,ico_successful_rule,has_twitter,has_facebook,ico_length_actual_days,ico_length_planned_days,total_tokens,has_telegram,team_size,interest,discount_max_pct,roadmap_available,is_ieo,is_tax_regulated,accepting,amount_raised,category,end_datetime,hard_cap,has_github,has_reddit,has_website,has_whitepaper,hit_hard_cap,hit_soft_cap,ico_score,ico_successful,kyc,location,max_purchase,min_purchase,name_std,soft_cap,start_datetime,token_price,token_type,tokens_for_sale,type,whitelist,token_symbol,token_name,homepage,whitepaper_url,github_url,twitter_url,telegram_url,reddit_url,token_price_usd,soft_cap_usd,hard_cap_usd,accepted_currencies,jurisdiction,whitepaper_available,rating
35119.0,$BABYGMM,Other,https://babygamium.com/,https://babygamium.com/,,https://twitter.com/BabyGamium,,,0.0,USD,$BABYGMM,USD,,,1.0,0.0,,,,,,,,,,,BNB,,Gaming,2022-05-01 17:00:00,20000.0,,0.0,1.0,1,,,4.0,,,United Kingdom,,,baby gamium,,2022-04-28 17:00:00,0.0,,50000000000.0,ICO,,,,,,,,,,,,,,,,
11662.0,$BEEPOWER,Ethereum,http://macroansy.org,http://macroansy.org/business_plan_and_ico/investors,,https://twitter.com/macroansy,,,0.0,USD,$BEEPower,USD,,,1.0,0.0,,,,,,,,,,,ETH,,Internet,2018-05-11 06:00:00,270000000.0,,0.0,1.0,1,,,3.5,,,India,300000.0,0.5,e-commerce of global consulting business,6000000.0,2018-04-11 06:00:00,1.0,,6000000.0,ICO,,,,,,,,,,,,,,,,
39129.0,$BEKY,Ethereum,https://pepebinky.com,https://pepebinky.com/whitepaper.pdf,,,,,0.0,ETH,$BEKY,USD,,,0.0,0.0,,,,,,,,,,,"USDT,ETH",,Finance,2025-08-28 23:00:00,53883333.0,,0.0,1.0,1,,,4.4,,,Singapore,,,pepebinky,20000000.0,2025-08-19 00:00:00,0.036,ERC20,100000000000.0,ICO,,,,,,,,,,,,,,,,
38207.0,$BITDOGE,Solana,https://btdgtrck.xyz/48261f10-6e80-4469-9097-16f08aff5017?size=listing&domain=foundico,https://pitch.com/v/bitdoge-litepaper-6rvqkd/d225f38e-840f-4284-89c3-0d5cdd9a71e3,,https://twitter.com/bitdo_ge,,,0.0,USD,$BITDOGE,USD,,,1.0,0.0,,,,,,,,,,,"ETH,SOL,USDT",,Gaming,2024-07-31 00:00:00,,,0.0,1.0,1,,,6.4,,,Marshall Islands,,,bitdoge,,2024-06-19 00:00:00,0.0,,30000000000.0,Pre-ICO,,,,,,,,,,,,,,,,
38829.0,$BKNY,Solana,https://bankii.finance/,https://bankii.finance/files/bankii-whitepaper.pdf,,https://twitter.com/bankiifinance,https://www.facebook.com/profile.php,,0.0,USD,USD,USD,['https://p2pb2b.com/token-sale/BKNY-797/'],markets,1.0,1.0,,,,,,,,,,,"USDT,SOL,USDC,ETH,BTC",,Finance,2025-04-07 23:00:00,1000000.0,,0.0,1.0,1,,,5.6,1.0,,South Africa,1000.0,20.0,bankii,,2025-03-28 08:00:00,0.03,,150000000.0,IEO,,,,,,,,,,,,,,,,
38283.0,$BOLD,Polygon,https://www.wearebold.io/,https://cdn.prod.website-files.com/,,https://twitter.com/theBOLDapp,,,0.0,USD,$BOLD,USD,,,1.0,0.0,,,,,,,,,,,"USDT,USDC,ETH,BTC",,Social Network,2024-08-31 23:00:00,10000000.0,,0.0,1.0,1,,,4.2,,,Germany,,,bold,2500000.0,2024-07-31 00:00:00,0.04,,100000000.0,ICO,,,,,,,,,,,,,,,,
37378.0,$BTCBSC,Binance Chain,https://bitcoinbsc.io/en,https://bitcoinbsc.io/assets/documents/whitepaper.pdf,,https://twitter.com/Bitcoinbsctoken,,,0.0,USD,$BTCBSC,USD,,,1.0,0.0,,,,,,,,,,,"BNB,ETH,USDT,CARD",,Trading,2023-12-05 12:00:00,6125000.0,,0.0,1.0,1,,,3.9,,,Monaco,,,bitcoin bsc,3960000.0,2023-09-05 12:00:00,0.99,,6125000.0,ICO,,,,,,,,,,,,,,,,
35710.0,$BTCC,Other,https://www.bitcoincopy.net,https://www.bitcoincopy.net/whitepaper,https://github.com/BitcoinCopy,https://twitter.com/bitcoincopybtcc,,,1.0,USD,$BTCC,USD,,,1.0,0.0,,,,,,,,,,,"USDT,BUSD,USDC,BTC,BNB,ETH",,Social Network,2023-01-06 18:00:00,6000000.0,,0.0,1.0,1,,,4.8,,,Belize,20000000.0,500000.0,bitcoincopy,150000.0,2022-08-06 09:00:00,0.31,,21000000.0,ICO,,,,,,,,,,,,,,,,
37426.0,$BTCMTX,Ethereum,https://bitcoinminetrix.com/en,https://bitcoinminetrix.com/assets/documents/whitepaper.pdf,,https://twitter.com/bitcoinminetrix,,,0.0,USD,$BTCMTX,USD,,,1.0,0.0,,,,,,,,,,,"ETH,BNB,USDT",,Mining,2024-01-25 12:00:00,1568000000.0,,0.0,1.0,1,,,6.5,,,Georgia,,,bitcoin minetrix,,2023-09-25 12:00:00,0.011,ERC20,2800000000.0,ICO,,,,,,,,,,,,,,,,
36116.0,$CCHG,Other,https://foundicolist.care/box_73f62dcc3428788f332bc1657a2502ab,https://c-charge.io/,,https://twitter.com/C_Charge_Token,,https://www.reddit.com/user/C-ChargeOfficial/,0.0,USD,$CCHG,USD,,ico_score_alto,1.0,0.0,,,,,,,,,,,ETH USDT,,Energy,2023-04-20 17:00:00,6600000.0,,1.0,1.0,1,,,7.5,1.0,,United Kingdom,,,c+charge,6600000.0,2022-12-12 09:00:00,0.013,,1000000000.0,ICO,,,,,,,,,,,,,,,,
38055.0,$CVPAD,Other,https://cvpad.io,https://docsend.com/view/ph6ef5gjaa7huaec,,https://twitter.com/cvpad_xyz,,,0.0,USD,$CVPAD,USD,,,1.0,0.0,,,,,,,,,,,USDT,,Finance,2024-06-15 23:00:00,20000000.0,,0.0,1.0,1,,,4.4,,,Switzerland,,,$cvpad,825000.0,2024-05-15 00:00:00,0.02,,1000000000.0,ICO,,,,,,,,,,,,,,,,
38679.0,$DEVAX,Ethereum,https://deboard.gg/,https://deboard.gitbook.io/docs,,,,,0.0,USD,$DEVAX,USD,,,0.0,0.0,,,,,,,,,,,"AVAX,ETH,BSC,ARB",,Gaming,2025-03-20 00:00:00,5000000.0,,0.0,1.0,1,,,3.5,,,Singapore,,,deboard,1000000.0,2024-12-20 00:00:00,0.003,ERC20,10000000000.0,Pre-ICO,,,,,,,,,,,,,,,,
38024.0,$DOGEVERSE,Ethereum,https://thedogeverse.com/en,https://thedogeverse.com/assets/documents/whitepaper.pdf,,https://twitter.com/The_DogeVerse,,,0.0,USD,$DOGEVERSE,USD,,,1.0,0.0,,,,,,,,,,,"ETHEREUM,BNB,CHAIN,POLYGON,SOLANA,AVALANCHE,BASE",,Payments,2025-04-06 17:00:00,17002500.0,,0.0,1.0,1,,,6.1,,,United States of America,,,dogeverse,8835000.0,2024-04-10 16:00:00,0.00029,ERC20,200000000000.0,ICO,,,,,,,,,,,,,,,,
38502.0,$DUM,Ethereum,https://www.freedumfighters.com/,https://freedumfighters.com/whitepaper.pdf,,,,,0.0,USD,$DUM,USD,,,0.0,0.0,,,,,,,,,,,USDT,,Entertainment,2024-12-31 03:00:00,9720000.0,,0.0,1.0,1,,,5.9,,,United Kingdom,,,freedum fighters,5000000.0,2024-10-17 03:00:00,0.0005,ERC20,270000000000.0,ICO,,,,,,,,,,,,,,,,
36338.0,$ECOM,Ethereum,https://www.comearth.world/,https://docs.comearth.world/whitepaper,,https://twitter.com/comearthHQ,https://www.facebook.com/ComearthHQ/,https://www.reddit.com/r/comearth/,0.0,USD,$ECOM,USD,,,1.0,1.0,,,,,,,,,,,ALL,,Entertainment,2023-04-25 05:30:00,5000000.0,,1.0,1.0,1,,,4.8,,,United Kingdom,,,$ecom,4000000.0,2023-04-20 05:30:00,0.006,ERC20,5000000000.0,ICO,,,,,,,,,,,,,,,,
36815.0,$ECOTERRA,Ethereum,https://www.ecoterra.io/en,https://www.ecoterra.io/documents/whitepaper-ecoterra.pdf,,https://twitter.com/ecoterra3r,https://www.facebook.com/ecoterra3r,,0.0,USD,$ECOTERRA,USD,,ico_score_alto,1.0,1.0,,,,,,,,,,,"ETH,USDT",,Logistics,2023-07-31 23:00:00,670000000.0,,0.0,1.0,1,,,7.8,1.0,,Romania,,,ecoterra,200000000.0,2023-03-29 12:00:00,0.004,ERC20,1000000000.0,ICO,,,,,,,,,,,,,,,,
38566.0,$EYWA,Other,https://eywa.fi/,https://media.alphamind.co/discover-alpha/eywa/EYWA%20Investment%20memo.pdf,,https://twitter.com/eywaprotocol,,,0.0,USD,$EYWA,USD,,,1.0,0.0,,,,,,,,,,,USDT,,Finance,2024-11-29 22:00:00,0.0,,0.0,1.0,1,,,4.7,,,Turkey,,,eywa,,2024-11-27 11:00:00,0.07,,1000000000.0,IDO,,,,,,,,,,,,,,,,
34779.0,$FAYRE,Ethereum,https://www.fayre.com/,https://docsend.com/view/kaazh68gyfi72rcg,https://github.com/fayrelabs,https://twitter.com/FayreLabs,https://www.facebook.com/fayrelabs,https://www.reddit.com/r/FayreLabs/,0.0,USD,USD,USD,,,1.0,1.0,,,,,,,,,,,"ETH,USDC,USDT",,Internet,2022-03-24 16:00:00,1500000.0,,1.0,1.0,1,,,7.1,,,British Virgin Islands,250000.0,500.0,fayre,,2022-03-02 16:00:00,0.16,ERC20,15000000.0,ICO,,,,,,,,,,,,,,,,
36130.0,$FGHT,Ethereum,https://foundicolist.care/box_e530ee719fe2b40437e6bcda4bfff2b6,https://whitepaper.fightout.com/,,https://twitter.com/FightOut_,https://www.facebook.com/FightOutOfficial/,,0.0,USD,$FGHT,USD,,,1.0,1.0,,,,,,,,,,,"USDT,ETH",,Sports,2023-04-30 12:00:00,100000000.0,,0.0,1.0,1,,,6.8,,,United Kingdom,,,fightout,100000000.0,2022-12-14 09:00:00,0.0166,ERC20,6000000000.0,ICO,,,,,,,,,,,,,,,,
38363.0,$FGPT,Other,https://furgpt.org/,https://whitepaper.furgpt.org/,,,,,0.0,USD,$FGPT,USD,,,0.0,0.0,,,,,,,,,,,USDT,,Artificial Intelligence,2024-10-05 00:00:00,1500000.0,,0.0,1.0,1,,,4.1,,,United Arab Emirates,,,furgpt,150000.0,2024-10-01 00:00:00,0.001,,1500000000.0,ICO,,,,,,,,,,,,,,,,
36267.0,$FLIC,Binance Chain,https://skaflic.com/,https://skaflic.com/wp-content/uploads/2022/08/Skaflic-White-Paper.pdf,,https://twitter.com/SkaflicOfficial,,,0.0,USD,$FLIC,USD,,,1.0,0.0,,,,,,,,,,,USDT,,Finance,2023-02-15 23:00:00,150000000.0,,0.0,1.0,1,,,5.6,,,United Arab Emirates,,,skaflic,5000000.0,2023-01-15 23:00:00,0.01,,3000000000.0,ICO,,,,,,,,,,,,,,,,
38375.0,$FLOCK,Ethereum,https://flockerz.com/,https://drive.google.com/drive/folders/1rjSNJaMRpE_XC6jtFKUX_Lr3JQh6n_nk?usp=drive_link,,,,,0.0,USD,$FLOCK,USD,,,0.0,0.0,,,,,,,,,,,"ETH,USDT,BNB,FIAT PAYMENTS",,Legal,2025-01-01 18:00:00,13200000.0,,0.0,1.0,1,,,6.2,,,United Kingdom,,,flockerz,5000000.0,2024-09-01 18:00:00,0.0055,ERC20,12000000000.0,ICO,,,,,,,,,,,,,,,,
38526.0,$HCS,Ethereum,https://hedgecoins.io,https://hedgecoins.io/HEDGE_Whitepaper.pdf,,,,,0.0,USD,$HCS,USD,,,0.0,0.0,,,,,,,,,,,"BSC,ETH",,Trading,2024-11-30 16:00:00,1500000.0,,0.0,1.0,1,,,3.4,,,Mexico,,,hedge compass,500000.0,2024-10-20 12:00:00,1.0,ERC20,100000000.0,ICO,,,,,,,,,,,,,,,,
36201.0,$HLPR,Other,https://helperworld.io/,https://helperworld.io/assets/helper/pdf/helpercoin-whitepaper-11-10-2022.pdf,,https://twitter.com/helper_token,https://www.facebook.com/helperworld.io,,0.0,USD,$HLPR,USD,,,1.0,1.0,,,,,,,,,,,"BUSD,USDT",,Charity,2023-01-07 23:00:00,348010000000.0,,0.0,1.0,1,,,5.2,,,India,,,helper world,348010000000.0,2022-12-26 00:00:00,30.0,,100000.0,Pre-ICO,,,,,,,,,,,,,,,,
34591.0,$HONEY,Ethereum,https://www.fancybearsmetaverse.com,https://www.fancybearsmetaverse.com,,,,,0.0,USD,$Honey,USD,,,0.0,0.0,,,,,,,,,,,ETH,,Trading,2022-05-08 23:00:00,0.0,,0.0,1.0,1,,,3.2,,,Poland,,,$honey,,2022-04-08 08:00:00,0.01,ERC20,400000000000.0,ICO,,,,,,,,,,,,,,,,
38654.0,$HUZZL,Ethereum,https://huzzlcoin.io/,https://drive.google.com/file/d/1pi06ybj0Py-RiGD30SnhII97AaF8EJBe/view?usp=sharing,,https://twitter.com/huzzlcoin,,https://www.reddit.com/r/Huzzlcoin,0.0,ETH,$HUZZL,USD,,,1.0,0.0,,,,,,,,,,,"ETH,USDT",,Finance,2025-04-21 13:00:00,30000000.0,,1.0,1.0,1,,,3.9,,,United States of America,,,huzzl,10000000.0,2025-01-08 13:00:00,0.000207,ERC20,400000000000.0,ICO,,,,,,,,,,,,,,,,
38903.0,$HYPER,Ethereum,https://bitcoinhyper.com/,https://drive.google.com/drive/folders/1CRB1ybz9yKEJWe1k1Yv_3fnf3OVxx6L-?usp=sharing,,,,,0.0,USD,$HYPER,USD,,,0.0,0.0,,,,,,,,,,,"USDT,CARD",,Legal,2025-08-31 02:00:00,25000000.0,,0.0,1.0,1,,,6.2,,,United States of America,,,bitcoinhyper,5000000.0,2025-05-06 02:00:00,0.0115,ERC20,21000000000.0,Pre-ICO,,,,,,,,,,,,,,,,
38594.0,$IMAGE,Ethereum,https://imagen.network/,https://whitepaper.imagen.network/,,https://twitter.com/Imagen_Network,,,0.0,USD,$IMAGE,USD,,,1.0,0.0,,,,,,,,,,,USDT,,Social Network,2024-12-04 00:00:00,250000000.0,,0.0,1.0,1,,,4.4,,,United Kingdom,,,imagen network,250000.0,2024-12-03 00:00:00,0.03,ERC20,5000000000.0,Pre-ICO,,,,,,,,,,,,,,,,
38150.0,$LCR,TON,https://tonlancer.com/,https://tonlancer.com/,,https://twitter.com/ton_lancer,,,1.0,USD,$LCR,USD,,,1.0,0.0,,,,,,,,,,,TON,,Infrastructure,2024-06-05 16:00:00,600000.0,,0.0,1.0,1,,,4.6,,,Germany,,,tonlancer,200000.0,2024-05-29 13:00:00,0.01,,100000000.0,IDO,,,,,,,,,,,,,,,,
37352.0,$LPX,Ethereum,https://www.launchpad.xyz/en,https://whitepaper.launchpad.xyz/,,https://twitter.com/launchpadlpx,,,0.0,USD,$LPX,USD,,,1.0,0.0,,,,,,,,,,,"ETH,BNB,USDT,CARD",,Internet,2024-01-31 12:00:00,12500000.0,,0.0,1.0,1,,,6.3,,,United Kingdom,,,launchpad xyz,5000000.0,2023-04-25 12:00:00,0.0445,ERC20,256250000.0,ICO,,,,,,,,,,,,,,,,
37507.0,$MANIA,Binance Chain,https://scapesmania.io/?utm_medium=ico_list&utm_source=foundico&utm_campaign=profile&utm_content=link,https://scapesmania.io/whitepaper.pdf,https://github.com/Red-Pill-Dev/mania,https://twitter.com/ScapesMania,,,1.0,USD,USD,USD,,ico_score_alto,1.0,0.0,,,,,,,,,,,"USDT,USDC,ETH,BNB,MATIC",,Entertainment,2024-01-25 00:00:00,6125000.0,,0.0,1.0,1,,,7.6,1.0,,Seychelles,50001.0,,scapesmania,750000.0,2023-05-23 11:00:00,0.01,ERC20,4000000000.0,ICO,,,,,,,,,,,,,,,,
38377.0,$MEMEBET,Ethereum,http://www.MemeBetToken.com,https://memebettoken.com/assets/documents/whitepaper.pdf,,,,,0.0,USD,$MEMEBET,USD,,,0.0,0.0,,,,,,,,,,,"USDT,ETH",,Trading,2025-01-01 04:00:00,10000000.0,,0.0,1.0,1,,,5.6,,,United Kingdom,,,memebet,5000000.0,2024-09-10 04:00:00,0.025,ERC20,2000000000.0,ICO,,,,,,,,,,,,,,,,
35679.0,$MIVRS,Other,https://minionverse.io/,https://whitepaper.minionverse.io/,,https://twitter.com/MinionverseGame,https://www.facebook.com/minionversegame,https://www.reddit.com/r/Minionverse,0.0,USD,$MIVRS,USD,,,1.0,1.0,,,,,,,,,,,$BUSD,,Gaming,2022-08-09 14:00:00,0.0,,1.0,1.0,1,,,5.0,,,Poland,,,minionverse tower defense trading card game,,2022-08-02 14:00:00,0.04,,4000000.0,ICO,,,,,,,,,,,,,,,,
38267.0,$NARUTO,Solana,https://naruto.so/,https://naruto.so/files/naruto-whitepaper-en.pdf,,https://twitter.com/NarutoSolMeme,,,0.0,USD,$NARUTO,USD,,,1.0,0.0,,,,,,,,,,,SOL,,Art,2024-07-31 14:00:00,100000.0,,0.0,1.0,1,,,4.2,,,Bulgaria,,,naruto,,2024-07-29 12:00:00,8.212e-05,,1000000000.0,IDO,,,,,,,,,,,,,,,,
34754.0,$NEK,Other,https://nekoin.com,https://nekoin-admin.gitbook.io/nekoin-whitepaper,,https://twitter.com/Nekoin_Protocol,https://www.facebook.com/nekoin.finance,https://www.reddit.com/user/NekoinFinance,0.0,USD,$NEK,USD,,,1.0,1.0,,,,,,,,,,,BUSD,,Trading,2022-04-19 23:00:00,8400000.0,,1.0,1.0,1,,,6.3,,,Japan,10000000000.0,600000000.0,nekoin protocol,4000000.0,2022-04-11 00:00:00,0.014,,10000000000.0,ICO,,,,,,,,,,,,,,,,
,$OPTI,,,,,,,,,,,,,,,,,,,,,,,,0.0,0.0,ETH,0.0,Cryptocurrency,2018-07-01,26407200.0,,,,0,0.0,0.0,,0.0,,Cayman Islands,0.0,0.0,optitoken,247747.5,2018-04-01,0.362,6.0,196000000.0,,,,,,,,,,,,,,,,,
,$OUND,,,,,,,,,,,,,,,,,,,,,,,,0.0,,"BTC, ETH, LTC, Fiat",0.0,Big data,2018-12-12,40000000.0,,,,0,0.0,0.0,,0.0,,,0.0,0.0,inmusik,40000000.0,2018-09-05,0.1,6.0,200000000.0,,,,,,,,,,,,,,,,,
38199.0,$PEPU,Ethereum,http://www.pepeunchained.com/,https://pepeunchained.com/whitepaper.pdf,,,,,0.0,USD,$PEPU,USD,,,0.0,0.0,,,,,,,,,,,"ETH,USDT,BNB",,Communications,2024-12-31 19:00:00,10000000.0,,0.0,1.0,1,,,4.2,,,United Kingdom,,,pepe unchained,4000000.0,2024-06-13 19:00:00,0.008,ERC20,8000000000.0,ICO,,,,,,,,,,,,,,,,
35540.0,$PLAIX,Other,https://www.plaix.tech/,https://plaix-gitbook.gitbook.io/plaix-ecosystem-docs/plaix-links/plaix-white-paper,,https://twitter.com/PLAIXverse,,,0.0,USD,$PLAIX,USD,,,1.0,0.0,,,,,,,,,,,AVAX,,Communications,2023-04-17 15:00:00,1000000.0,,0.0,1.0,1,,,4.1,,,Ukraine,,,plaix,,2022-06-20 13:00:00,0.0006,,50000000000.0,Pre-ICO,,,,,,,,,,,,,,,,
32757.0,$PNL,Ethereum,https://truepnl.com/,https://drive.google.com/file/d/1yKLP_TAOFKpzDOppJsqcchbT0gFtI3dX/view,,https://twitter.com/truepnl,https://www.facebook.com/truepnl,,0.0,USD,$PNL,USD,,,1.0,1.0,,,,,,,,,,,USDT,,Finance,2021-05-18 16:00:00,1600000.0,,0.0,1.0,1,,,4.7,,,Singapore,,,truepnl,1600000.0,2021-05-18 13:00:00,0.08,ERC20,10000000.0,ICO,,,,,,,,,,,,,,,,
37883.0,$POODL,Ethereum,http://poodlinu.com/,https://poodlinu.com/assets/documents/Poodl_Inu_WP.pdf,,https://twitter.com/poodlinu,,,0.0,USD,$POODL,USD,,,1.0,0.0,,,,,,,,,,,"ETH,BNB,USDT,CARD",,Legal,2024-06-15 17:00:00,3450000.0,,0.0,1.0,1,,,6.4,,,Netherlands,,,poodlinu,1725000.0,2024-02-15 17:00:00,0.002,ERC20,6900000000.0,ICO,,,,,,,,,,,,,,,,
38684.0,$PPGOD,Binance Chain,https://pepegod.io,https://pepegod.io/document/whitepaper.pdf,,https://twitter.com/pepegodcoins,https://www.facebook.com/pepegodcoins,,0.0,USD,$PPGOD,USD,,,1.0,1.0,,,,,,,,,,,"ETH,USDT,BNB",,Finance,2025-01-15 23:00:00,2000000.0,,0.0,1.0,1,,,4.2,,,Singapore,,,pepegod,500000.0,2025-01-15 00:00:00,0.0002,,420000000000000.0,ICO,,,,,,,,,,,,,,,,
38429.0,$RXDOG,Solana,https://therapydogcoin.com/,https://therapydogcoin.com/Therapy_dog_coin_whitepaper.pdf,,https://twitter.com/Therapydogcoin,,,0.0,USD,$RXDOG,USD,,,1.0,0.0,,,,,,,,,,,SOL,,Health Care,2024-10-24 23:00:00,1000000.0,,0.0,1.0,1,,,4.7,,,United States of America,,,therapy dog coin,200000.0,2024-08-10 00:00:00,0.0001,,40000000000.0,ICO,,,,,,,,,,,,,,,,
37863.0,$SDEX,Ethereum,https://anationperders.com/d0e3ef62-80bf-40aa-9dce-5a2c1241b18a?size=listing&domain=foundico,https://satoshidex.gitbook.io/satoshidex/introduction/overview,,https://twitter.com/satoshidex_ai,,,0.0,USD,$SDEX,USD,,,1.0,0.0,,,,,,,,,,,"USDT,USDC,ETH",,Finance,2025-01-01 23:00:00,150000000000.0,,0.0,1.0,1,,,6.3,,,Portugal,,,satoshidex.ai,,2024-02-21 00:00:00,0.0015,ERC20,3000000000.0,IDO,,,,,,,,,,,,,,,,
38926.0,$SNORT,Ethereum,https://snortertoken.com/,https://snortertoken.com/assets/documents/whitepaper.pdf,,,,,0.0,USD,$SNORT,USD,,,0.0,0.0,,,,,,,,,,,"ETH,USDT,USDC,BNB,SOL",,Gaming,2025-09-22 01:00:00,30000000.0,,0.0,1.0,1,,,6.0,,,United Kingdom,,,snorter,5000000.0,2025-05-22 01:00:00,0.0935,ERC20,500000000.0,Pre-ICO,,,,,,,,,,,,,,,,
37867.0,$SPT,Polygon,https://spotshot.io/,https://cloud.spotshot.io/SpotShot+Whitepaper+V1.6.pdf,,https://twitter.com/spotshotHQ,,,1.0,USD,$SPT,USD,,,1.0,0.0,,,,,,,,,,,"BTC,ETH,USDT",,Entertainment,2024-04-10 12:00:00,1000000.0,,0.0,1.0,1,,,5.6,,,Germany,,,spotshot,320000.0,2024-03-15 12:00:00,0.04,,100000000.0,Pre-ICO,,,,,,,,,,,,,,,,
37984.0,$STAKELAYER,Ethereum,https://stklr.xyz/f146e79f-df86-4520-b420-12ecafbf6026?size=listing&domain=foundico,https://stakelayer.readme.io/docs/getting-started,,https://twitter.com/StakeLayerIO,,,0.0,USD,$STAKELAYER,USD,,,1.0,0.0,,,,,,,,,,,"ETH,BSC,OP,ARB,BASE,AVAX,MATIC",,Mining,2024-06-30 23:00:00,0.0,,0.0,1.0,1,,,6.3,,,United States of America,,,stakelayer,,2024-04-03 00:00:00,0.00833,ERC20,5000000000.0,ICO,,,,,,,,,,,,,,,,
38321.0,$STARS,Ethereum,https://cryptoallstars.io/,https://cryptoallstars.io/whitepaper.pdf,,,,,0.0,USD,$STARS,USD,,,0.0,0.0,,,,,,,,,,,"ETH,USDT,BNB",,Trading,2024-12-30 15:00:00,8000000.0,,0.0,1.0,1,,,6.3,,,United Kingdom,,,crypto all stars,5000000.0,2024-08-08 15:00:00,0.00138,ERC20,42069696969.0,ICO,,,,,,,,,,,,,,,,
38748.0,$STB,Solana,https://stabble.org/,https://drive.google.com/file/d/1w5FvSkhnWyHkHy7bvfz1IRrfpV247tkw/view,https://github.com/stabbleorg,https://twitter.com/stabbleorg,,,0.0,USD,$STB,USD,,,1.0,0.0,,,,,,,,,,,USDC,,Finance,2025-02-24 23:00:00,5000000.0,,0.0,1.0,1,,,4.4,,,Estonia,,,stabble,,2025-02-21 00:00:00,0.03,,500000000.0,TGE,,,,,,,,,,,,,,,,
38452.0,$STYX,Ethereum,https://www.charonium.com/,https://www.charonium.com/pdfs/CHARONIUM_BLACKPAPER.pdf,,https://twitter.com/charonium_com,,,0.0,EUR,$STYX,EUR,,,1.0,0.0,,,,,,,,,,,"ETH,EUR",,Legal,2024-12-31 23:59:00,7400000.0,,0.0,1.0,1,,,5.0,,,Austria,,,charoniumÂ®,5000000.0,2024-10-31 23:59:00,0.069,ERC20,690000000.0,ICO,,,,,,,,,,,,,,,,
